name,price,description,link_image
Cát Vệ Sinh Kún Miu Hương Cà Phê 8L - Tinh Chất Than Hoạt Tính Và Zeolite Cao Cấp (8LCFKM),60.000₫,"Cát vệ sinh cho mèo Kún Miu hương Cà Phê 8L được sản xuất hoàn toàn từ 100% đất sodium bentonite chất lượng cao theo quy trình hiện đại, với các tính năng vượt trội sau:
- Tinh chất than hoạt tính giúp khử mùi cực kì hiệu quả.
- Tinh chất zeolite giúp tăng độ vón, thấm hút cực nhanh và hiệu quả. Kún Miu là sản phẩm đầu tiên của VN áp dụng công nghệ này.
    - Kết dính nhanh, độ vón tốt, dễ dàng xúc bỏ.
    - Khử mùi hiệu quả, chống ẩm, mùi hương dễ chịu.
    - Giảm 99,9% bụi, an toàn sử dụng với người và thú cưng.
    - Sản phẩm sạch có nguồn gốc thiên nhiên, thân thiện với môi trường.
Ưu điểm của Cát vệ sinh cho mèo Kún Miu hương Cà Phê 8L so với những sản phẩm cát vệ sinh thông thường khác:
    1. Siêu thấm hút, sử dụng tiết kiệm
Được cấu tạo từ 100% nguyên liệu đất sét sodium bentonite và bằng việc sử dụng công nghệ hiện đại, các hạt cát vệ sinh có hình dạng tròn nhờ đó mà cát kết dính cực nhanh với chất thải của mèo, thẩm thấu tốt, sử dụng tiết kiệm hơn rất nhiều so với những sản phẩm thông thường khác.
    2. Ít bụi, thân thiện với môi trường
Sử dụng công nghệ tiên tiến trên thế giới về khử bụi và quá trình tiệt trùng bằng nhiệt độ cao để chắt lọc thành phần đất sét sodium bentonite tinh khiết nhất cho sản phẩm.
    3. Hương thơm tự nhiên, khử mùi hiệu quả
Cát vệ sinh cho mèo Kún Miu hương Cà Phê 8L áp dụng công nghệ hiện đại giúp hạt cát với hương thơm dễ chịu, không gây kích ứng cho người và vật nuôi, đặc biệt có khả năng khử mùi cực kì hiệu quả và lưu giữ hương thơm được dài lâu.
+ Dung tích : 8L
+ Quy cách đóng gói : 4 túi/ tải
   ",https://bizweb.dktcdn.net/100/229/172/products/cat-km-8l-caphe-1.jpg?v=1561820833503
Xẻng Xúc Cát Cho Mèo Lỗ Tròn Nhỏ (PK),20.000₫,"THÔNG TIN CHI TIẾT
 Thương hiệu  Kún Miu
 Xuất xứ TH   Việt Nam
 Chất liệu
 Nhựa cao cấp 
 HDSD  Dùng để xúc cát vệ sinh cho mèo
 Xuất xứ  Trung Quốc
 Kích thước  25,5 x 11cm
 Màu sắc  Hồng, xanh lá, xanh dương
MÔ TẢ SẢN PHẨM
Xẻng xúc cát cho mèo lỗ tròn nhỏ là dụng cụ vệ sinh dùng để xúc cát và dọn phân, nước tiểu vón cục trong khay sau khi mèo đi vệ sinh.
Xẻng xúc cát cho mèo lỗ tròn nhỏ được làm từ nhựa cao cấp có độ bền cao và an toàn với vật nuôi, người dùng. Thiết kế thông minh với ô lọc cát hình tròn với lỗ to dần từ trong ra ngoài giúp các hạt cát vón cục dù là bé nhất cũng sẽ không bị lọt xuống như các loại xẻng thông thường.
Xẻng xúc cát cho mèo lỗ tròn nhỏ giúp chúng ta dễ dàng dọn vệ sinh cho mèo, giúp khay cát vệ sinh luôn sạch sẽ và thơm tho.
Xẻng xúc cát cho mèo lỗ tròn nhỏ có 3 màu sắc: hồng, xanh lá, xanh dương.
Kích thước: 25,5 x 11cm.
Kích thước xẻng xúc cát cho mèo lỗ tròn",https://bizweb.dktcdn.net/100/229/172/products/xeng-lo-tron.jpg?v=1599229185393
Gắp Phân Cho Chó Hình Bò Sữa (Gpbs),55.000₫,"+ Chỉ cần phủ giấy ăn lên trên phân ,và dùng kẹp và gắp bỏ vào túi ,rồi dùng vòi xịt và rửa sạch ..
+ Gắp phân cho chó hình bò sữa với chất liệu nhựa bền và dẻo nên hoàn toàn yên tâm sử dụng lâu dài, tiện lợi và sạch sẽ

+  Có 2 màu : Xanh + Hồng 
+ Kích cỡ Gắp phân cho chó hình bò sữa : 16x10x15 cm
- Sản phẩm Gắp phân cho chó hình bò sữa được bán tại Kún Miu pet shop",https://bizweb.dktcdn.net/100/229/172/products/gap-phan-hinh-bo-sua-min.jpg?v=1547084515250
Khăn Siêu Thấm Cho Chó Mèo Kimpets (BT),60.000₫,"Khăn siêu thấm cho chó mèo Kimpets siêu thấm nước là sản phẩm không thể thiếu cho các bạn nuôi chó mèo lông dài
Đây là khăn siêu thấm nước sản xuất trên dây chuyền công nghệ đặc biệt, không giống với các khăn bông thông thường khác..
Khăn siêu thấm cho chó mèo Kimpets 66x43cm có khả năng hút nước rất nhanh trong thời gian ngắn
Một khăn hút nước có thể tương đương với 10 khăn bông thông thường, do vậy tiết kiệm rất nhiều thời gian trong quá trình lau khô cho vật nuôi
Cách dùng rất đơn giản: sau khi tắm xong, bạn dùng khăn lau cho thú cưng như các khăn bình thường khác, sau đó giặt sạch để loại bỏ lông rụng.
Đặc biệt, khăn này không cần phơi như các khăn thông thường, bạn chỉ cần vắt nước là cất luôn được nhé. khi nào dùng lại thì ngâm nước cho khăn mềm trở lại.
- Sản phẩm Khăn siêu thấm Kimpets được bán tại hệ thống Kún Miu pet shop",https://bizweb.dktcdn.net/100/229/172/products/khan-sieu-tham-kim-pet-min.jpg?v=1551121779940
Rọ Mõm Inox Tròn Dây Da Cho Chó,85.000₫,"Đặc điểm nổi bật của Rọ mõm inox tròn dây da cho chó:
  + Chiếc rọ mõm sẽ là một phụ kiện không thể thiếu giúp đảm bảo an toàn cho những người xung quanh khi bạn đưa cún yêu đến những nơi công cộng..
  + Với thiết kế chắc chắn nhưng mềm mại, đồng thời đầu rọ được thiết kế thoáng, rọ mõm Inox sẽ mang đến cho chú cún cưng của bạn cảm giác thật thoải mái khi đeo.
  Đặc điểm nổi bật của Rọ mõm inox tròn dây da cho chó:
  - Thiết kế mềm mại và đầu rọ được thiết kế thoáng giúp mang đến cho chú cún cưng cảm giác thoải mái và êm ái khi đeo.
  - Thiết kế khóa nới linh động giúp bạn dễ dàng canh chỉnh sao cho chú cún cưng cảm thấy thoải mái nhất
  - Có nhiều kích thước khác nhau phù hợp cho thú cưng nhà bạn
  - Màu sắc đơn giản với thiết kế tinh tế.
 ",https://bizweb.dktcdn.net/100/229/172/products/ro-mom-inox-3.jpg?v=1551496004227
Chai Xịt Vệ Sinh Đúng Chỗ Bobo,50.000₫,"Dung dịch giúp vật nuôi Chai xịt vệ sinh đúng chỗ Bobo là sản phẩm của BOBO, một thương hiệu lớn và nổi tiếng chuyên sản xuất và kinh doanh các loại phụ kiện cho chó mèo như: dầu gội đầu, dây xích chó, đồ chơi thú cưng, nhà ở vật nuôi...nổi tiếng đến từ Trung Quốc. Với đội ngũ nhân viên giàu kinh nghiệm trong lĩnh vực này, BOBO luôn tự tin mang đến những sản phẩm tuyệt vời với giá cả cạnh tranh nhất. Sản phẩm được phân phối ở nhiều nước trên toàn thế giới..
Sản phẩm Chai xịt vệ sinh đúng chỗ Bobo dựa trên thói quen đi vệ sinh của vật nuôi và nhu cầu sinh hoạt của người dân hiện nay, sử dụng nguyên liệu đặc biệt chế tạo ra. Có khả năng nuôi dưỡng và tạo thành thói quen tốt là đi vệ sinh đúng chỗ, giúp cho môi trường nhà cửa sạch sẽ.

Hướng dẫn sử dụng sản phẩm Chai xịt vệ sinh đúng chỗ Bobo

Khi thấy vật nuôi chuẩn bị đi vệ sinh, hãy dắt vật nuôi tới chỗ bạn đã chuẩn bị sẵn dùng làm vệ sinh cho chúng.
Lấy chai xịt dung dịch xịt vào chỗ vệ sinh. 
Sau khi vật nuôi ngửi thấy mùi sẽ dần hình thành phản xạ và trở thành thói quen đi vệ sinh đúng chỗ.
Dung tích : 60ml
- Sản phẩm được bán tại Kún Miu pet shop",https://bizweb.dktcdn.net/100/229/172/products/xit-ve-sinh-bobo-min.jpg?v=1533251747603
Khay Vệ Sinh Cho Chó Có Tường Chắn Diil LS180-LS181,200.000₫,"Khay vệ sinh cho chó có tường chắn Diil LS180 - LS181 là sản phẩm khay vệ sinh dùng để cho chó đi vệ sinh trong nhà, đặc biệt phù hợp với những gia đình ở chung cư hay khu dân cư không có chỗ cho chó đi vệ sinh..
Khay vệ sinh cho chó có tường chắn Diil LS180 - LS181được sản xuất từ vật liệu nhựa cao cấp an toàn cho người và vật nuôi.
Cấu tạo của sản phẩm bao gồm 1 khay vệ sinh + 1 bức tường nhựa + 1 trụ nhựa.
Phần lót khay vệ sinh có thể tháo rời để rửa dễ dàng.
Kích thước - Trọng lượng 
Size S - LS180 - KT :46.5*35.5*5.5cm -  1.1kg
Size M - LS181 - KT: 67*46*8cm - 2.2 kg",https://bizweb.dktcdn.net/100/229/172/products/khay-ve-sinh-co-tuong-diil-5.jpg?v=1560014769253
Cây Lăn Lông Mèo 60 Lớp Và 2 Lõi Thay,50.000₫,"Cây lăn lông mèo 60 lớp và 2 lõi thay là vật dụng không thể thiếu nhất là vào mùa lông chó mèo rụng nhiều hiện nay.
Cây lăn lông mèo 60 lớp và 2 lõi thay được làm từ nhựa và những tấm băng keo đặc biệt với công dụng lăn bụi bẩn, lông thú cưng dám dính trên quần áo, chăn gối, ghế và giường.
Sản phẩm tiện dụng sẽ giải quyết tất cả những nỗi lo về lông thú cưng bám trên đồ dùng và vật dụng nhà bạn, giúp lấy đi hết mọi bụi bẩn trong thời gian ngắn nhất.
Kích thước Cây lăn lông mèo 60 lớp và 2 lõi thay: Chiều dài 17cm x chiều rộng 10,8cm; Lõi có chiều dài: 3cm x chiều rộng: 10cm.",https://bizweb.dktcdn.net/100/229/172/products/cay-lan-bui-plus-loi-thay-1000x1000px-dee67d6e-313a-4fb5-ab6a-248eb1128c5c.jpg?v=1532697348307
Xẻng Xúc Cát Kèm Hộp Đựng Cho Mèo (BT),120.000₫,"Xẻng xúc cát kèm hộp đựng cho mèo là loại xẻng dọn vệ sinh cho mèo vô cùng tiện lợi khi được thiết kế thông minh, tiện dụng, chắc chắn và đặc biệt chất liệu nhựa PP thân thiện với môi trường..
Xẻng xúc cát kèm hộp đựng được cấu tạo bao hôm 1 xẻng có lưới để dễ dàng xúc chất thải của mèo, phía cuối xẻng kèm theo 1 chiếc hộp để đựng chất thải.
Khi sử dụng bạn chỉ cần lót 1 túi nilon nhỏ ở hộp đựng rồi lắp xẻng vào, chất thải sẽ tự động rơi vào hộp. Sau khi dọn dẹp xong chỉ cần tháo túi đem đổ, rất vệ sinh và tiện
Kích thước : 30*15*15cm",https://bizweb.dktcdn.net/100/229/172/products/hop-xuc-cat-meo-4.jpg?v=1581616296063
Khay Vệ Sinh 0051 - Xanh Lá,120.000₫,"Sản phẩm Khay vệ sinh cho mèo 0051 có kèm Xẻng xúc phân là sản phẩm dùng để đựng cát vệ sinh cho mèo, giúp mèo đi vệ sinh đúng chỗ..
Sản phẩm được làm từ chất liệu nhựa PP không độc hại, an toàn cho người và vật nuôi.
Khay vệ sinh 0051 hình dáng chữ nhật bo cong 4 góc rất hiện đại, có 3 màu sắc là hồng, xanh lá và xanh dương.
Kích cỡ Sản phẩm : 46*35*10.5cm
Công dụng của sản phẩm:
- Giúp thú cưng đi vệ sinh được dễ dàng hơn.
- Xẻng đi kèm giúp bạn dễ dàng dọn dẹp, lau chùi và vệ sinh hơn; không bị vấy bẩn ra khắp nhà.
- Phần nắp cong vào bên trong giúp cho cát vệ sinh không bị bắn tung tóe khi thú cưng đi vệ sinh.
- Bạn có thể đổ cát vệ sinh hoặc tấm lót hút khử mùi bên dưới khay để loại bỏ mùi hôi của phân và nước tiểu.
- Sản phẩm Khay vệ sinh cho mèo 0051 rất tiện lợi cho những gia đình ở thành phố không có nhiều không gian.",https://bizweb.dktcdn.net/100/229/172/products/khay-ve-sinh-cho-meo-0051-2.jpg?v=1570024058767
Cát Gỗ Thông Premium Nature Pine Wood,25.000₫,"THÔNG TIN CHI TIẾT
 Xuất xứ  Italia 
 Thành phần  100% từ tự nhiên, thành phần tự phân huỷ
 HDSD  Dùng cho thú cưng đi vệ sinh với sự thấm hút tuyệt vời chỉ sau 2s
 Thể tích  
 Khối lượng  
MÔ TẢ SẢN PHẨM
Cát gỗ thông Premium Nature Pine Wood nổi tiếng trên thị trường với công nghệ vượt trội từ Ý thấm hút và khử mùi nhanh chỉ sau 2s.
Cát gỗ thông Premium Nature Pine Wood nổi tiếng với thành phần thiên nhiên, không gây hại cho mèo, hamster, nhím,... và con người khi sử dụng. Với thành phần tự phân huỷ 100% và mùi hương tự nhiên, sản phẩm chắc chắn sẽ làm bạn hài lòng khi lựa chọn cho thú cưng đi vệ sinh. Đặc biệt, bạn có thể hoàn toàn xử lí chất thải và cát gỗ thông này bằng bồn cầu.
Cát gỗ thông Premium Nature Pine Wood sẽ ngăn chặn vi khuẩn phát triển tối đa, giữ cho chậu vệ sinh của thú cưng luôn sạch sẽ. 
Sản phẩm đảm bảo an toàn, không gây hại cho môi trường, không chất bảo quản và không có hương liệu.
#catvesinh #thucung #kunmiupetshop
 ",https://bizweb.dktcdn.net/100/229/172/products/ca-t-go-tho-ng-premium-nature-pine-wood-1.jpg?v=1654931263203
Khay Vệ Sinh Cỡ Lớn Cho Mèo 0165,200.000₫,"Sản phẩm Khay vệ sinh cho mèo 0165 có kèm Xẻng xúc phân là sản phẩm dùng để đựng cát vệ sinh cho mèo, giúp mèo đi vệ sinh đúng chỗ..
Sản phẩm được làm từ chất liệu nhựa PP không độc hại, an toàn cho người và vật nuôi..
Khay vệ sinh 0165 hình dáng chữ nhật bo cong 4 góc, thành cao rất hiện đại, có 3 màu sắc là hồng, xanh lá và xanh dương.
Kích cỡ Sản phẩm : 56*45*24cm
Công dụng của sản phẩm:
- Giúp thú cưng đi vệ sinh được dễ dàng hơn.
- Xẻng đi kèm giúp bạn dễ dàng dọn dẹp, lau chùi và vệ sinh hơn; không bị vấy bẩn ra khắp nhà.
- Phần nắp cong vào bên trong giúp cho cát vệ sinh không bị bắn tung tóe khi thú cưng đi vệ sinh.
- Bạn có thể đổ cát vệ sinh hoặc tấm lót hút khử mùi bên dưới khay để loại bỏ mùi hôi của phân và nước tiểu.
- Sản phẩm Khay vệ sinh cho mèo 0165 rất tiện lợi cho những gia đình ở thành phố không có nhiều không gian.",https://bizweb.dktcdn.net/100/229/172/products/khay-ve-sinh-cho-meo-0165-2.jpg?v=1570025151923
Xẻng Hót Phân Cho Mèo Cán Dài (PK),50.000₫,"- Xẻng hót phân cho mèo cán dài là dụng cụ dọn dẹp khay vệ sinh cho mèo, cụ thể là dọn phân, nước tiểu vón cục trong khay, giúp chúng ta dễ dàng loại bỏ những chất thải của mèo và giữ lại phần cát vệ sinh còn sạch..
- Sản phẩm được sản xuất từ vật liệu nhựa cao cấp có độ bền cao, hiết kế có rãnh để lọc các hạt cát vón cục, giúp việc vệ sinh khay cát của mèo trở nên dễ dàng hơn.
- Xẻng hót phân cán dài có chiều dài 33,5 cm, độ rộng của phần xúc là 11 cm, chiều dài phần xúc là 12,5 cm
- Xẻng có trọng lượng nhẹ giúp chung ta dễ dàng sử dụng bằng 1 tay.
Sản phẩm được bán tại tất cả các chi nhánh của Kún Miu pet shop, cũng như website kunmiu.vn hoặc các kênh thương mại điện tử của Kún Miu.
 ",https://bizweb.dktcdn.net/100/229/172/products/xeng-hot-phan-can-dai.jpg?v=1504433068057
Máy Mài Móng Cho Chó Mèo Codos,350.000₫,"Bạn là người thích nuôi thú cưng, bạn đang sở hữu 1 chú cún hay 1 chú mèo dễ thương thì ngoài việc lo cho các cún bữa ăn thì việc tắm rửa, vệ sinh, cắt lông, tỉa lông cho các cún là việc bạn thường xuyên phải làm. Ngoài ra việc cắt móng, mài móng cho thú cưng cũng là công việc mà nhiều bạn nuôi thú cần chú ý, quan tâm.
Máy mài móng cho chó mèo Codos  sẽ giúp các bạn cắt móng cho thú cưng một cách dễ dàng. Máy mài móng cho chó được thiết kế với động cơ mạnh mẽ, hoạt động liên tục trong 2 tiếng đồng hồ. Có khả năng mài móng nhanh, đẹp mà không làm thú cưng sợ hãi. Thiết kế gọn nhẹ, có thể cắm điện trực tiếp đồng thời mài móng cho chó mèo.
Thông tin sản phẩm:
-  Máy mài móng cho chó mèo Codos.
-  Điện áp 100-240V
-  Trọng lượng: 180gram.
-  Adapter input AC 100-200V 50/60Hz
-  Output DC 2.4V/800mA
-   Bảo hành: 12 tháng.
  Tên sản phẩm
Máy Mài Móng Cho Chó Mèo CP
   Màu sắc
Trắng
  Trọng lượng:
300g
  Kích thước máy:
4cm x 15cm
  Chất liệu:
Nhựa ABS
  Đối tượng sử dụng:
Chó, mèo,...
  Sạc:
  Nguồn: AC 100-240V  50/60Hz   DC  2.  4V  800mA
Thời gian sạc: 2 giờ
Sử dụng: 3 giờ
    Pin:
  Ni-Mh 1.2V 450mAh
    Tiếng ồn:
< 50 db ( bằng tiếng máy điều hòa)
  Đặc điểm nổi bậc
  -    Thiết kế nhỏ gọn, dễ cầm nắm, cắt được ở những góc, khuỷu.
-    Máy có đèn led báo pin
-    Đầu mài có thể tháo rời, dễ dàng vệ sinh.
-    Sạc nhanh, thời gian sử dụng lâu vượt trội.
-    Công tắt trên thân máy, dễ dàng sử dụng bằng hai tay.
    Sản xuất - thiết kế:
  -  Thiết kế: sản phẩm được thiết kế tại Hàn Quốc.
-  Sản xuất: tại nhà máy codos electrical appliances co. Ltd - Thẩm Quyến -  Trung Quốc theo những tiêu chuẩn khắc khe nhất của các kĩ sư người Hàn Quốc.
    Bộ sản phẩm bao gồm
  -  Thân máy Máy mài móng cho chó mèo Codos.
-  Sạc với dây dài, có thể dùng điện trực tiếp.
-  Hướng dẫn sử dụng
  Lưu ý khi sử dụng:
  -  Sau khi sử dụng xong, vệ sinh máy cẩn thận, tăng thời gian sử dụng.",https://bizweb.dktcdn.net/100/229/172/products/1286-0-codos-cp3300-may-mai-mong-cho-cho-meo-1000-px-min.jpg?v=1532705355127
Cát Lót Chuồng Cho Thú Cưng Nhỏ (Cvs1),15.000₫,"THÔNG TIN CHI TIẾT
 Xuất xứ  Kún Miu
 Chất liệu  100% đất sodium bentonite
 Trọng   lượng  1kg
 HDSD  Sản phẩm dùng để lót chuồng, chậu vệ sinh cho thú cưng nhỏ
 Lưu ý  Để ở nơi khô ráo, thoáng mát
MÔ TẢ SẢN PHẨM
Cát lót chuồng cho thú cưng nhỏ là loại cát được yêu thích hiện nay bởi người nuôi thỏ, chuột, nhím, hamster,... 
TÍNH NĂNG Cát lót chuồng cho thú cưng nhỏ:
- Được sản xuất với chất lượng cao theo quy trình hiện đại, với các tính năng vượt trội như kết dinh nhanh, độ vón tốt, dễ dàng xúc bỏ
- Khử mùi hiệu quả, chống ẩm tốt
- Giảm 99% bụi, an toàn cho người và vật nuôi với hương thơm dễ chịu
- Sản phẩm sạch có nguồn gốc thiên nhiên, thân thiện với môi trường.
Cát lót chuồng cho thú cưng nhỏ có dạng hạt tròn, dễ dàng thấm hút, tạo sự dễ chịu cho thú cưng, giúp chúng luôn sạch sẽ mà không lo cát bị vướng trên lông sau khi đi vệ sinh.
#catvesinh #catlitter #hamster #kúnmiu #pet
Cát lót chuồng cho thú cưng nhỏ
  Hạt cát lót chuồng cho thú cưng nhỏ
 ",https://bizweb.dktcdn.net/100/229/172/products/cat-lot-chuong-hamster-2.jpg?v=1617208009273
Khay Vệ Sinh Cho Mèo Hình Chữ Nhật (Kvs),100.000₫,"Sản phẩm Khay vệ sinh cho mèo hình chữ nhật có kèm Xẻng xúc phân:
Giúp thú cưng đi vệ sinh được dễ dàng hơn.
Xẻng đi kèm giúp bạn dễ dàng dọn dẹp, lau chùi và vệ sinh hơn; không bị vấy bẩn ra khắp nhà..
Phần nắp giúp cho cát vệ sinh không bị bắn tung tóe khi thú cưng đi vệ sinh.
Bạn có thể đổ cát vệ sinh hoặc tấm lót hút khử mùi bên dưới khay để loại bỏ mùi hôi của phân và nước tiểu.
Sản phẩm Khay vệ sinh cho mèo hình chữ nhật rất tiện lợi cho những gia đình ở thành phố không có nhiều không gian.
Kích thước : 40cm x 31cm x 12cm",https://bizweb.dktcdn.net/100/229/172/products/khay-ve-sinh-cho-thu-cung-vs1201-e-2.jpg?v=1553093806707
Cát Vệ Sinh Cho Mèo CATLIKE 9L (Cc9),60.000₫,"THÔNG TIN CHI TIẾT
 Tên sản phẩm  Cát vệ sinh cho mèo CATLIKE 8L
 Thành phần  Sodium Bentonite Clay
 HDSD  Dùng cho thú cưng đi vệ sinh với khả năng vón cục hiệu quả
 Thể tích  8L
 Mùi hương   2 mùi: cà phê, hoa hồng
MÔ TẢ SẢN PHẨM
Cát vệ sinh cho mèo CATLIKE 8L là loại cát vệ sinh đất sét nổi tiếng trên thị trường bởi chất lượng tuyệt vời: khả năng thấm hút tuyệt đối và giá cả phải chăng.
Cát vệ sinh cho mèo CATLIKE 8L có thành phần từ Sodium Bentonite Clay khiến chất thải vón cục ngay lập tức và thấm hút tuyệt đối. Bên cạnh đó, lưu hương dài lâu cũng là một điểm cộng của sản phẩm. Mùi cà phê và hoa hồng sẽ đánh bật mùi hương khó chịu của các chất thải thú cưng.
Cát vệ sinh cho mèo CATLIKE 8L đảm bảo lành tính, phù hợp với mọi giống mèo.
#catvesinh #catlike #kunmiupetshop
  Cát vệ sinh cho mèo CATLIKE 8L mùi hoa hồng
  Cát vệ sinh cho mèo CATLIKE 8L mùi cà phê
 ",https://bizweb.dktcdn.net/100/229/172/products/ca-t-ve-sinh-cho-me-o-catlike-8l-ca-phe.jpg?v=1640706978527
Nhà Vệ Sinh Cho Mèo New,370.000₫,"Nhà vệ sinh cho mèo New – giải quyết mọi vấn đề “khó nhằn” trong chuyện vệ sinh của chó mèo cho khổ chủ..
+ Không còn lo những chú mèo thích cào bới chậu, cát tung tóe ra sàn.
+ Không còn khó chịu khi mèo đi vệ sinh, chưa kịp dọn thì mùi xú uế đã om trong phòng.
+ Không còn suy nghĩ vấn đề các chú mèo vụng về, hay làm rơi sản phẩm nặng nhẹ ra ngoài chậu hay khiến chậu lật.
Nhà vệ sinh cho mèo New – SẢN PHẨM CỰC TIỆN DỤNG
● Thiết kế dành riêng cho mèo đi vệ sinh với kiểu dáng bắt mắt, chất lượng nhựa bền, đẹp, lỳ, cực kỳ thích mắt.
● Thiết kế dạng hộp kín, không lo cát hay sản phẩm vệ sinh rơi vãi ra ngoài.
● Cánh cửa ra vào hộp khá rộng, đung đưa lạ mắt.
● Tặng kèm khay đựng phân, xẻng.
● Có hộp thông hơi trên nóc thùng, có thể để hạt hút mùi hay túi thơm.
● Có thể tháo rời, thuận tiện cho việc vận chuyển.
● Kích thước Nhà vệ sinh cho mèo New  size to: 60x40x50cm , size nhỏ: 52x40x39cm",https://bizweb.dktcdn.net/100/229/172/products/nha-ve-sinh-new-800px-min.jpg?v=1540867869860
Cát Vệ Sinh Cho Mèo Happy Cat 9L (Hp9),85.000₫,"THÔNG TIN CHI TIẾT
 Sản phẩm  Cát vệ sinh cho mèo Happy Cat 9L
 Công dụng
 - Vón cục siêu tốc chỉ với 3s
 - Chống ẩm tối đa, khử mùi hiệu quả, hương thơm bền lâu
 - Chống bụi tuyệt đối, an toàn cho thú cưng và con người
 - Thân thiện với môi trường, không gây độc hại
 Thể tích  9L
 Mùi hương  Chanh và cà phê
 Quy cách  Gói 9L, tải 4 gói (36L)
MÔ TẢ SẢN PHẨM
Cát vệ sinh cho mèo Happy Cat 9L là cát vệ sinh nổi tiếng trên thị trường với công dụng vón cục vượt trội x3, chỉ với 3s.
Cát vệ sinh cho mèo Happy Cat 9L được sản xuất 100% từ đất sodium bentonite theo quy trình hiện đại, ứng dụng công nghệ kháng khuẩn tuyệt đối, giúp an toàn và lành tính với thú cưng và người dùng.
Cát vệ sinh cho mèo Happy Cat 9L có các tính năng ưu việt như sau:
1. Vón cục siêu tốc chỉ với 3s
Những hạt cát được làm từ đất sét sodium bentonite cao cấp kết dính siêu nhanh, vón cục tuyệt vời sẽ giúp bạn xúc bỏ dễ dàng chất thải của thú cưng. Từ đó tiết kiệm cát vệ sinh và không còn phải khó chịu vì tình trạng cát bị vụn, nát.
2. Chống ẩm tối đa, khử mùi hiệu quả, hương thơm bền lâu
Áp dụng công nghệ hiện đại giúp hạt chống ẩm tuyệt đối, bạn sẽ không phải lo ngại những ngày nồm ẩm hay mưa gió ảnh hưởng đến chất lượng cát mèo. Đặc biệt cát Happy cat có 2 mùi: cà phê và chanh đặc trưng cực kì thơm mát, dễ chịu với lưu hương lâu. 
3. Chống bụi tuyệt đối, an toàn cho thú cưng và con người
Công nghệ khử bụi hiệu quả, chắt lọc những thành phần đất sét sodium bentonite tinh khiết nhất giúp giảm bụi tới 99,99% mang đến sự an toàn cho sức khỏe.
4. Thân thiện với môi trường, không gây độc hại
Mùi hương: Chanh và cà phê
Quy cách: Túi 9L nặng 5.7kg, bao 4 gói.
#happycat #catdaunanh #khumui #khangkhuan #catvesinh #kunmiupetshop
 ",https://bizweb.dktcdn.net/100/229/172/products/ca-t-happy-cat-9l-1-go-i.jpg?v=1661230982837
Khay Vệ Sinh Cho Chó Thành Cao Có Trụ Diil LS 178,180.000₫,"Khay vệ sinh cho chó thành cao có trụ Diil LS 178 là sản phẩm dùng để cho chó đi vệ sinh trong nhà, đặc biệt phù hợp với những gia đình ở chung cư hay khu dân cư không có chỗ cho chó đi vệ sinh..
Khay vệ sinh cho chó thành cao có trụ Diil LS 178 được sản xuất từ vật liệu nhựa cao cấp an toàn cho người và vật nuôi.
Cấu tạo của sản phẩm bao gồm 1 khay vệ sinh có thành cao + 1 trụ nhựa.
Phần lót khay vệ sinh có thể tháo rời để rửa dễ dàng.
Kích thước - Trọng lượng 
Size S- KT : 45*34*11.5cm -  1.5kg
Size M- KT: 60*44*13cm - 2.5 kg",https://bizweb.dktcdn.net/100/229/172/products/khay-vs-thanh-cao-co-tru-diil-ls178-1.jpg?v=1560016448170
Bàn Chải Tắm Tạo Bọt Cho Chó Mèo Silicon Massage,30.000₫,"THÔNG TIN CHI TIẾT
 Sản phẩm  Bàn chải tắm tạo bọt cho chó mèo Silicon Massage
 Chất liệu  Silicon cao cấp
 Công dụng
 - Tạo bọt cực bông, mang lại cảm giác êm ái, thư giãn cho chó mèo khi tắm và massage
 - Loại bỏ bụi bẩn, sạch sâu tới từng tơ lông
 - Giúp lưu thông máu tốt hơn
 Màu sắc  Xanh, hồng, vàng
MÔ TẢ SẢN PHẨM
Bàn chải tắm tạo bọt cho chó mèo Silicon Massage là dụng cụ hữu dụng với độ đàn hồi cao, rất hiệu quả khi tắm và massage cho thú cưng.
Bàn chải tắm tạo bọt cho chó mèo Silicon Massage được làm từ chất liệu silicone cao cấp giúp tạo bọt cực bông, mang lại cảm giác êm ái cho thú cưng khi tắm và massage. Đây được coi như một phương pháp thư giãn mà bạn hoàn toàn có thể thực hiện cho các Boss tại nhà khi tắm cho chúng. Không những giúp sạch sâu vào từng tơ lông, bàn chải còn giúp máu dưới da lưu thông tốt hơn, khiến mèo thoải mái và dễ chịu hơn.
Cách dùng Bàn chải tắm tạo bọt cho chó mèo Silicon Massage:
1. Mở phần thân của bạn chải có chức năng chứa sữa tắm, đổ 1 lượng sữa tắm vào rồi đóng chặt nắp.
2. Xoa bóp nhẹ bàn chải để sữa tắm tới tất cả lỗ nhỏ và các gai bàn chải.
3. Sau khi dùng xong, bạn hoàn toàn có thể treo sản phẩm lên cao nhờ chiếc quai thông minh.
Sản phẩm có 3 màu sắc xinh xắn để bạn lựa chọn: xanh, hồng, vàng.
#banchaitam #silicon #chomeo #kunmiupetshop
   ",https://bizweb.dktcdn.net/100/229/172/products/ba-n-cha-i-ta-m-ta-o-bo-t-cho-cho-me-o-silicon-massage-va-ng.jpg?v=1662303277143
"Mùn Cưa Lót Chuồng Cho Thú Nhỏ, Hamter 1kg",40.000₫,"Mùn cưa lót chuồng cho thú nhỏ, hamter Emily Pet:.
-Chất hấp thụ hoàn toàn tự nhiên 100%
-Giúp khắc phục mùi vật nuôi -Mùn được cạo mịn để có sự thoải mái cho vật nuôi
-Được làm từ những mảnh mùn cưa mềm và trắng
-sản phẩm tự nhiên và phân hủy sinh học cao
-Độ hấp thụ cao -kiểm soát mùi lâu dài -Giữ ổ nuôi khô ráo và thoáng mát
-Không bụi PHÂN LOẠI
Mùn cưa lót chuồng cho thú nhỏ, hamter Emily Pet Có 4 mùi hương -Organic : không mùi -Lavender : hương hoa lavender -Lemon: chanh -Apple : táo",https://bizweb.dktcdn.net/100/229/172/products/hf133eae5dd7642b4b9d40261583aebd60.jpg?v=1592501355010
Khay Vệ Sinh Thành Cao Cỡ Lớn Cho Mèo 0162,200.000₫,"Sản phẩm Khay vệ sinh cho mèo 0162 có kèm Xẻng xúc phân là sản phẩm dùng để đựng cát vệ sinh cho mèo, giúp mèo đi vệ sinh đúng chỗ..
Sản phẩm được làm từ chất liệu nhựa PP không độc hại, an toàn cho người và vật nuôi.
Khay vệ sinh 0162 hình dáng chữ nhật bo cong 4 góc, thành cao rất hiện đại, có 3 màu sắc là hồng, xanh lá và xanh dương.
Kích cỡ Sản phẩm : 56*45*24cm
Công dụng của sản phẩm:
- Giúp thú cưng đi vệ sinh được dễ dàng hơn.
- Xẻng đi kèm giúp bạn dễ dàng dọn dẹp, lau chùi và vệ sinh hơn; không bị vấy bẩn ra khắp nhà.
- Phần nắp cong vào bên trong giúp cho cát vệ sinh không bị bắn tung tóe khi thú cưng đi vệ sinh.
- Bạn có thể đổ cát vệ sinh hoặc tấm lót hút khử mùi bên dưới khay để loại bỏ mùi hôi của phân và nước tiểu.
- Có lưới dẫm chân lưới họa tiết trái tim khi mèo đi ra hoặc vào giúp cát rơi xuống khay mà ko bám vào chân mèo vàng ra ngoài
- Sản phẩm Khay vệ sinh cho mèo 0162 rất tiện lợi cho những gia đình ở thành phố không có nhiều không gian.",https://bizweb.dktcdn.net/100/229/172/products/khay-ve-sinh-cho-meo-thanh-cao-0162-2.jpg?v=1570024976683
Cát Vệ Sinh Happy Cat Hương Chanh 15L,130.000₫ 140.000₫,"DÒNG SẢN PHẨM CAO CẤP 
Cát vệ sinh Happy Cat hương chanh 15L là sản phẩm được sản xuất hoàn toàn 100% từ đất sodium bentonite theo quy trình hiện đại. Đây là dòng sản phẩm chất lượng cao với các tính năng vượt trội:
  1. Siêu thấm hút, kết dính nhanh, độ vón tốt, xúc bỏ dễ dàng..
Cát vệ sinh Happy Cat hương chanh 15L được cấu tạo từ 100% nguyên liệu đất sét sodium bentonite theo quy trình công nghệ hiện đại, các hạt cát vệ sinh có hình dạng tròn, nhờ đó cát kết ính cực nhanh với chất thải của mèo, thẩm thấu tốt, sử dụng TIẾT KIỆM hơn rất nhiều so với những sản phẩm thông thường khác.
  2. Chống ẩm tối đa, khử mùi hiệu quả, hương thơm lan tỏa dễ chịu.
Áp dụng công nghệ hiện đại giúp hạt cát có hương nhài thơm dễ chịu, không gây kích ứng cho người và vật nuôi. Đặc biệt, sản phẩm có khả năng khử mùi cực kỳ hiệu quả, lưu giữ hương thơm dài lâu.
  3. Giảm 99,9% bụi, TUYỆT ĐỐI AN TOÀN cho người và thú cưng.
Sản phẩm với công nghệ khử bụi hiệu quả, quá trình tiệt trùng bằng nhiệt độ cao, chắt lọc những thành phần đất sét sodium bentonite tinh khiết nhất, mang đến sự an toàn cho sức khỏe của bạn.
4. Nguồn gốc thiên nhiên, thân thiện với môi trường
+ Dung tích : 15L
+ Quy cách đóng gói : 3 túi/ tải
**Cát vệ sinh Happy Cat hương chanh 15L
 có bán tại kunmiu.vn ( Kún Miu Pet shop & grooming )",https://bizweb.dktcdn.net/100/229/172/products/cat-3d-7-min-ab267b4f-12c4-45fe-acd6-996380323eae.jpg?v=1532682729113
Xẻng Hót Phân Cho Mèo,20.000₫,"THÔNG TIN CHI TIẾT 
 Thương hiệu  Kún Miu 
 Xuất xứ TH  Việt Nam
 Kích thước  Chiều dài 25cm, độ rộng của phần xúc là 10.2cm, độ rộng của tay cầm là 4cm 
 Chất liệu
 Nhựa cao cấp
 Quy cách   1 xẻng hót phân
MÔ TẢ SẢN PHẨM
Xẻng hót phân cho mèo là dụng cụ dọn dẹp khay vệ sinh cho mèo, cụ thể là dọn phân, nước tiểu vón cục trong khay, giúp chúng ta dễ dàng loại bỏ những chất thải của mèo và giữ lại phần cát vệ sinh còn sạch.
Xẻng hót phân cho mèo được sản xuất từ vật liệu nhựa cao cấp có độ bền cao, thiết kế có rãnh để lọc các hạt cát vón cục, giúp việc vệ sinh khay cát của mèo trở nên dễ dàng hơn nhựa. Sản phẩm có nhiều màu như đỏ, vàng, xanh lá, xanh dương, hồng ….
Xẻng hót phân cho mèo có chiều dài 25cm, độ rộng của phần xúc là 10.2cm, độ rộng của tay cầm là 4cm. Sản phẩm tuy nhỏ nhưng có võ, sẽ khiến bạn hài lòng khi vệ sinh cho mèo.
#xeng #dungcuvesinh #Kúnmiu #kunmiu
Xẻng hót phân cho mèo",https://bizweb.dktcdn.net/100/229/172/products/xeng-hot-phan-3.jpg?v=1618246933997
Dụng Cụ Gắp Phân Cho Chó Mèo,50.000₫,"+ Chỉ cần phủ giấy ăn lên trên phân ,và dùng kẹp và gắp bỏ vào túi ,rồi dùng vòi xịt và rửa sạch .
+ Dụng cụ gắp phân cho chó mèo với chất liệu nhựa bền và dẻo nên hoàn toàn yên tâm sử dụng lâu dài, tiện lợi và sạch sẽ.

+  Có 2 màu : Xanh + Hồng 
+ Kích cỡ Dụng cụ gắp phân cho chó mèo : 16x10x15 cm
- Sản phẩm Dụng cụ gắp phân cho chó mèo được bán tại Kún Miu pet shop",https://bizweb.dktcdn.net/100/229/172/products/gap-phan-cho-meo-2-min.jpg?v=1533149776327
Khăn Ướt Khử Mùi Pets Pounce Wet Wipers 80pcs,90.000₫,"Khăn ướt khử mùi Pets Pounce Wet Whipers 80pcs
Khăn ướt khử mùi Pets Pounce Wet Whipers 80pcs là khăn ướt dành cho mèo không chứa cồn Công thức công nghệ sinh học nghiên cứu và phát triển từ Nhật Bản..
Khăn ướt khử mùi Pets Pounce Wet Whipers 80pcs với tính chất tự nhiên tạo sự an toàn...
Hướng dãn sử dụng: lau trực tiếp vào nơi cần vệ sinh trên cơ thể thú cưn, chiết xuất 100% từ tự nhiên, loại bỏ mùi hôi, làm sạch mầm bệnh
Bịch 80 miếng (15*20CM)
Xuất xứ: Malaysia",https://bizweb.dktcdn.net/100/229/172/products/bw-wetwipes-cats-800px-min.jpg?v=1546946216937
Cát Tắm Hamster 1kg,15.000₫,"THÔNG TIN CHI TIẾT
 Sản phẩm  Cát tắm hamster 1kg
 Xuất xứ   Trung Quốc 
 HDSD  Dùng để tắm và vệ sinh cho hamster, thú nhỏ
 Trọng lượng  1kg
MÔ TẢ SẢN PHẨM
Cát tắm hamster 1kg là sản phẩm dùng để tắm, lót chuồng có tính khử mùi hiệu quả cực tốt cho hamster, thú nhỏ, khiến chúng luôn sạch sẽ, thơm tho.
Cát tắm hamster 1kg được làm từ các hạt phấn trắng siêu nhỏ, có tính khử mùi và khử khuẩn cao. Sản phẩm dễ dàng làm sạch bộ lông của thú nhỏ và hamster khi chúng lăn trong cát tắm.
Cát tắm hamster 1kg có mùi hương dễ chịu, an toàn và lành tính cho thú cưng và người dùng.
#catvesinh #cattam #hamster #thunho #kunmiupetshop
 ",https://bizweb.dktcdn.net/100/229/172/products/ca-t-ta-m-hamster-1kg.jpg?v=1659360470980
Khay Vệ Sinh Cho Mèo Thành Cao 0059,170.000₫,"Sản phẩm Khay vệ sinh cho mèo 0059 có kèm Xẻng xúc phân là sản phẩm dùng để đựng cát vệ sinh cho mèo, giúp mèo đi vệ sinh đúng chỗ..
Sản phẩm được làm từ chất liệu nhựa PP không độc hại, an toàn cho người và vật nuôi.
Khay vệ sinh 0059 hình dáng chữ nhật bo cong 4 góc, thành cao rất hiện đại, có 3 màu sắc là hồng, xanh lá và xanh dương.
Kích cỡ Sản phẩm : 38*20*12cm
Công dụng của sản phẩm:
- Giúp thú cưng đi vệ sinh được dễ dàng hơn.
- Xẻng đi kèm giúp bạn dễ dàng dọn dẹp, lau chùi và vệ sinh hơn; không bị vấy bẩn ra khắp nhà.
- Phần nắp cong vào bên trong giúp cho cát vệ sinh không bị bắn tung tóe khi thú cưng đi vệ sinh.
- Bạn có thể đổ cát vệ sinh hoặc tấm lót hút khử mùi bên dưới khay để loại bỏ mùi hôi của phân và nước tiểu.
- Có lưới dẫm chân lưới khi mèo đi ra hoặc vào giúp cát rơi xuống khay mà ko bám vào chân mèo vàng ra ngoài
- Sản phẩm Khay vệ sinh cho mèo 0059 rất tiện lợi cho những gia đình ở thành phố không có nhiều không gian.",https://bizweb.dktcdn.net/100/229/172/products/khay-ve-sinh-meo-thanh-cao-0059-2.jpg?v=1570024682330
Khay Vệ Sinh Tai Mèo,250.000₫,"Bạn nuôi mèo và từng nhiều lần bực mình vì chuyện vệ sinh của chúng?
+ Bạn nuôi mèo trong phòng khép kín, khi chúng đi vệ sinh, mình chưa dọn kịp mùi xú uế om trong phòng cực kỳ khó chịu?
+ Chú mèo bạn nuôi khá vụng về khi đi vệ sinh thường hay rơi sản phẩm nặng nhẹ ra ngoài ?
+ Khay vệ sinh tai mèo được thiết kế dành riêng cho mèo đi vệ sinh, nên hộp đi vệ sinh cho mèo mình nhập về có kiểu dáng bắt mắt, chất lượng nhựa bền, đẹp , lỳ, đến người nhìn còn khoái chưa tính đến mèo ^^!.
+ Khay vệ sinh tai mèo có chiều cao lý tưởng, cho phép con mèo của bạn nhảy vào, nhảy ra thoải mái mà không có phân dính quanh nhà.
 
+ Mèo yêu của bạn có đầy đủ phòng để làm việc của nó và nhà bạn thì luôn sạch sẽ & hợp vệ sinh
Sản phẩm Khay vệ sinh tai mèo được bán tại Kún Miu pet shop",https://bizweb.dktcdn.net/100/229/172/products/khay-ve-sinh-tai-meo-4.jpg?v=1550681644397
Khay Vệ Sinh Cho Mèo Kèm Xẻng 0052,130.000₫,"Sản phẩm Khay vệ sinh cho mèo 0052 có kèm Xẻng xúc phân là sản phẩm dùng để đựng cát vệ sinh cho mèo, giúp mèo đi vệ sinh đúng chỗ..
Sản phẩm được làm từ chất liệu nhựa PP không độc hại, an toàn cho người và vật nuôi.
Khay vệ sinh 0052 hình dáng chữ nhật bo cong 4 góc rất hiện đại, có 3 màu sắc là hồng, xanh lá và xanh dương.
Kích cỡ Sản phẩm : 48*40*13cm
Công dụng của sản phẩm:
- Giúp thú cưng đi vệ sinh được dễ dàng hơn.
- Xẻng đi kèm giúp bạn dễ dàng dọn dẹp, lau chùi và vệ sinh hơn; không bị vấy bẩn ra khắp nhà.
- Phần nắp cong vào bên trong giúp cho cát vệ sinh không bị bắn tung tóe khi thú cưng đi vệ sinh.
- Bạn có thể đổ cát vệ sinh hoặc tấm lót hút khử mùi bên dưới khay để loại bỏ mùi hôi của phân và nước tiểu.
- Sản phẩm Khay vệ sinh cho mèo 0052 rất tiện lợi cho những gia đình ở thành phố không có nhiều không gian.",https://bizweb.dktcdn.net/100/229/172/products/khay-ve-sinh-cho-meo-0052-2.jpg?v=1570024245237
Dụng Cụ Gắp Phân Cho Chó Cán Dài (Loại Nhỏ),60.000₫,"Dụng cụ gắp phân cho chó cán dài gắp tự động.
- Chất liệu: nhựa
- Ưu điểm: Thiết kế cán dài giúp thuận tiện khi gắp, nhựa dễ dành vệ sinh và có độ bên cao. Với dụng cụ hốt phân, các bạn không phải lo dơ tay khi dọn dẹp chất thải của thú nuôi, Các bạn dùng giấy mềm phủ lên phân rồi dùng kéo kẹp gọn. Sau đo rửa lại dụng cụ. 
- Cách dùng, các bạn có thể phủ giấy lên phân cún :) rồi dùng gắp tư động gắp cho vào túi, hoặc các bạn lót 1 túi nilon bên ngoài dụng cụ gắp phân rồi gắp nhé
Kích thước : 26*9cm
 ",https://bizweb.dktcdn.net/100/229/172/products/gap-phan-can-dai-co-nho-7.jpg?v=1581611646057
Nhà Vệ Sinh Cho Mèo Hình Cat H-16,250.000₫,"THÔNG TIN CHI TIẾT
 Sản phẩm  Nhà vệ sinh cho mèo hình Cat H-16
 Chất liệu  Nhựa an toàn, cao cấp, bền đẹp
 Cấu tạo
 - Khay tháo rời
 - Nắp hộp cùng quai cầm tiện dụng
 - Cửa nhà vệ sinh
 Màu sắc   3 màu: ghi, xanh dương và vàng
MÔ TẢ SẢN PHẨM
Nhà vệ sinh cho mèo hình Cat H-16 dễ thương tiện dụng đang làm mưa làm gió hiện nay bởi thiết kế thông minh và độ bền cực đỉnh.
Nhà vệ sinh cho mèo hình Cat H-16 cực kì chắc chắn, được làm từ chất liệu nhựa bền cao cấp. Với thiết kế nhà kín, sản phẩm giải quyết triệt để vấn đề vương vãi cát ra sàn sau khi thú cưng đi vệ sinh. Loại nhà vệ sinh này có chiếc cửa ra vào linh hoạt để mèo thoả thích lấp và bới cát. Phần bậc thềm lỗ ở cửa mỗi khi mèo bước qua còn lấy hết cát thừa trên chân mèo, hạn chế tối đa việc rơi cát ra sàn.
Nhà vệ sinh cho mèo hình Cat H-16 gồm:
- Khay tháo rời
- Nắp hộp cùng quai cầm tiện dụng
- Cửa nhà vệ sinh
Vậy là từ giờ trở đi, bạn sẽ không phải lo việc bị rơi vãi ra ngoài sau khi mèo đi vệ sinh nữa. ",https://bizweb.dktcdn.net/100/229/172/products/nvs-tai-meo-hong-xanh-1709196383201.jpg?v=1709196386393
Bình Xịt Khử Mùi Vệ Sinh Phòng Bioion Deo Sanitizer 250ml,100.000₫,"Bình xịt khử mùi vệ sinh phòng Bioion Deo Sanitizer 250ml
 Bình xịt khử mùi vệ sinh phòng Bioion Deo Sanitizer 250ml 100 Chiết xuất từ thiên nhiên. Là sản phẩm được làm từ Công nghệ sinh học và công thức ion hóa đến từ nhật bản, không sử dụng hương liệu, không chứa cồn..
Bình xịt khử mùi vệ sinh phòng Bioion Deo Sanitizer 250ml lợi ích từ sản phẩm Bio ion:
Loại bỏ mùi hôi ẩm mốc trong phòng: karaoke, khách sạn, nhà nghỉ, phòng gym, văn phòng công ty, khu vực công cộng như trường học, bệnh viện, nhà bếp, nhà vệ sinh, phòng khách,…
Loại bỏ mùi ẩm mốc của quần áo sau khi giặt, loại bỏ mùi hôi trong phòng, Khử mùi và khử trùng bên trong giầy, mùi hôi thuốc lá. Khử trùng và loại bỏ mùi hôi trong thùng rác, khử trùng bên trong và xung quanh bồn cầu. + Ngăn ngừa làm giảm các loại nấm da gây bệnh ở người
Khử trùng và bảo vệ nhằm chống lại sự lây lan của vi rút, khử mùi hôi + Phục hồi thanh lọc, Làm mới chất lượng không khí
Bio ion đáp ứng việc loại bỏ vi khuẩn, Giết 99,99% mầm bệnh, tác dụng trong vòng 30 giây
An toàn tuyệt đối trong môi trường và có thể sử dụng cho em béChứng nhận bởi bác sĩ Sunao Kubota, và Viện nghiên cứu công nghệ của Quận Osaka, Nhật Bản",https://bizweb.dktcdn.net/100/229/172/products/bw-deo-250ml-a-1-800px-min.jpg?v=1546945062520
Chai Xịt Thơm Tinh Dầu Germ Free Air Sanitiser 300ml,100.000₫,"Chai xịt thơm tinh dầu Germ Free Air Sanitiser 300ml
✅Chai xịt thơm tinh dầu Germ Free Air Sanitiser 300ml Có 4 mùi:Summer,Lavender,Keishi,Toka..
✅Thành phần: Gas, tinh dầu chiết xuất 100% thiên nhiên
✅HDSD:Lắc đều chai Chai xịt thơm tinh dầu Germ Free Air Sanitiser 300ml trước khi dùng, giữ bình thẳng đứng, hướng về phía hướng cần xịt và nhấn nút. Giúp loại bỏ mùi hôi, ẩm móc, mui thuốc lá. diệt khuẩn,làm sạch bầu không khí. 
Bảo quản nơi khô ráo, thoáng mát.",https://bizweb.dktcdn.net/100/229/172/products/af-keishi-min.jpg?v=1546947116717
Bộ Huấn Luyện Mèo Đi Vệ Sinh Trong Bồn Toilet,250.000₫,"Bộ huấn luyện mèo đi vệ sinh trong bồn toilet
Thật dễ dàng với chỉ 3 bước cơ bản.
Tiết kiệm chi phí cát vệ sinh & không còn phải dọn cát vương vãi trên sàn nhà
Các bộ phận trong hộp:
1. Khay to: dùng để hướng dẫn mèo
2.Khay đỡ thành vệ sinh
HƯỚNG DẪN SỬ DỤNG Bộ huấn luyện mèo đi vệ sinh trong bồn toilet:
Bước 1: Mở hộp sản phẩm, đổ cát dùng cho mèo (nên sử dụng loại có thể xả được vào toilet ) sau đó thay vào chỗ khay cát cũ. kéo dần khay cát vào phòng vệ sinh giúp mèo quen với sự thay đổi vị trí để khay cát. Nâng dần lên bệ, mỗi lần nâng lên khoảng 5cm, cuối cùng là để lên bệ toilet.
Lưu ý: Luôn để nhà vệ sinh khô ráo, mở cửa, để khay sẵn lên bệ. (nên sử dụng phòng vệ sinh tầng 1 ít người sử dụng, khi người sử dụng xong lại đặt khay như cũ).
Bước 2: Khoét 1 lỗ nhỏ ở giữa khay, mỗi lần khoét nên để cho mèo thích nghi trong vòng 1 tuần (có thể lâu hơn tuỳ theo từng bé). Mỗi lần khoét to hơn thì nên đổ cát vào khay ít hơn lần trước. Khi lỡ khoét lỗ quá to mà bé chưa quen, có thể nhảy khỏi khay, sử dụng khay nhỏ (back up) khoét lỗ nhỏ hơn, khi nào bé quen thì lại bỏ ra.
Trong trường hợp không cần dùng đến thì có thể dùng cho mèo con, mèo mới về
Bước 3: Sau khi mèo đã quen với mức to nhất và ít cát nhất, ta có thể bỏ khay ra và mèo tự đi vệ sinh mà không cần cát, khay.
Để đạt được mức này các bạn phải kiên trì khoảng 1-2 tháng. Nhưng nỗ lực sẽ được đền đáp xứng đáng khi em mèo của bạn biết đi vệ sinh như người, bạn sẽ hãnh diện khoe với bạn bè mình.
Chúc các bạn thành công!
Bộ huấn luyện mèo đi vệ sinh trong bồn toilet có bán tại kunmiu.vn",https://bizweb.dktcdn.net/100/229/172/products/toilet-1-min-min.jpg?v=1533877952490
Tấm Lót Vệ Sinh Cho Chó Mèo (Tlvs),30.000₫,"THÔNG TIN CHI TIẾT
 Xuất xứ  Trung Quốc
 Chất liệu  Bông cao cấp siêu thấm
 Quy cách  Miếng lẻ/ bịch nguyên
 HDSD  Sản phẩm dùng để lót chuồng, túi vận chuyển, cho thú cưng đi vệ sinh.
 Kích thước  33x45cm; 45x60cm; 60x60cm
 Lưu ý  Để ở nơi khô ráo
MÔ TẢ SẢN PHẨM
Tấm lót vệ sinh cho chó mèo có tính năng thấm hút và kiểm soát mùi hiệu quả sẽ giúp bạn giải quyết vấn đề vệ sinh ở chó mèo, lót ổ khi thú cưng đẻ, hay di chuyển bằng túi, lồng.
Tính năng của Tấm lót vệ sinh cho chó mèo:
- Hút mạnh và nhanh, biến nước tiểu thành gel, trong 2.5 giây, thấm khô lập tức.
- Thấm hút và giữ nước bên trong với dung tích 350ml.
- Kiểm soát mùi trên 96 tiếng nhờ động tác kép của than hoạt tính và bột tre.
- Thích hợp cho việc huấn luyện cún đi vệ sinh và hỗ trợ đi vệ sinh cho chó già.
- Có keo dán ở mặt dưới, giúp việc cố định miếng lót xuống khay đi vệ sinh chắc chắn, không bay, không lật.
HƯỚNG DẪN SỬ DỤNG Tấm lót vệ sinh cho chó mèo:
1. Gỡ keo ở bề mặt dưới miếng lót và dán lên khay vệ sinh.
2. Hướng dẫn cún đi vào khay.
3. Tập lại cho cún đi đúng vào khay.
4. Khen cún khi cún đi vệ sinh đúng chỗ.
Quy cách
- Túi 100 tấm: 33x45cm
- Túi 50 tấm : 45x60cm.
#tamlot #chomeo #kúnmiu #pet
Tấm lót vệ sinh cho chó mèo
Tác dụng thấm hút tuyệt đối
 ",https://bizweb.dktcdn.net/100/229/172/products/tam-lot-thuong1.jpg?v=1617207064303
Cát Vệ Sinh Cho Mèo MoonCat 9L Nhật Đen (Cm9),60.000₫,"THÔNG TIN CHI TIẾT
 Xuất xứ  Nhật Bản
 Thành phần  100% Bentonite tự nhiên và các hạt Silica
 HDSD  Dùng cho thú cưng đi vệ sinh với khả năng thấm hút tuyệt vời và khử mùi hiệu quả
 Thể tích  8L
 Mùi hương   3 mùi: cà phê, phấn, lavender
MÔ TẢ SẢN PHẨM
Cát vệ sinh cho mèo MoonCat 8L Nhật đen được sản xuất từ 100% Bentonite tự nhiên cùng cấu trúc hạt silica lưu hương bền lâu giúp mùi hương luôn lan toả.
Cát vệ sinh cho mèo MoonCat 8L Nhật đen có chức năng vượt trội sau:
- Thấm hút nhanh
- Khử mùi cực mạnh, xua tan cả mùi chất thải khó chịu của mèo
- Hương thơm bền lâu bởi các hạt silica với tính năng toả hương thơm ngát
- Vón cục nhanh chóng với thể tích lớn khiến cát không bị vụn, rơi vãi lung tung
Cát vệ sinh cho mèo MoonCat 8L Nhật đen là sự lựa chọn tuyệt vời cho các Boss bởi độ thấm hút, vón cục nhanh cùng khả năng khử mùi tuyệt vời.
#catvesinh #mooncat #kunmiupetshop
  Cát vệ sinh cho mèo MoonCat 8L Nhật đen hương phấn
  Cát vệ sinh cho mèo MoonCat 8L Nhật đen hương cà phê
  Cát vệ sinh cho mèo MoonCat 8L Nhật đen hương lavender
 ",https://bizweb.dktcdn.net/100/229/172/products/ca-t-ve-sinh-cho-me-o-mooncat-8l-nha-t-den-na-u-cafe.jpg?v=1640706100907
Cát Vệ Sinh Happy Cat Hương Cà Phê 15L (15LCF),130.000₫ 140.000₫,"DÒNG SẢN PHẨM CAO CẤP - HẠT CÁT DẠNG KHỐI NHỎ
Cát vệ sinh Happy Cat hương cà phê 15L là sản phẩm được sản xuất hoàn toàn 100% từ đất sodium bentonite theo quy trình hiện đại. Đây là dòng sản phẩm chất lượng cao với các tính năng vượt trội:
  1. Siêu thấm hút, kết dính nhanh, độ vón tốt, xúc bỏ dễ dàng..
Cát vệ sinh Happy Cat hương cà phê 15L được cấu tạo từ 100% nguyên liệu đất sét sodium bentonite theo quy trình công nghệ hiện đại, các hạt cát vệ sinh có hình dạng tròn, nhờ đó cát kết ính cực nhanh với chất thải của mèo, thẩm thấu tốt, sử dụng TIẾT KIỆM hơn rất nhiều so với những sản phẩm thông thường khác.
  2. Chống ẩm tối đa, khử mùi hiệu quả, hương thơm lan tỏa dễ chịu.
Áp dụng công nghệ hiện đại giúp hạt cát có hương nhài thơm dễ chịu, không gây kích ứng cho người và vật nuôi. Đặc biệt, sản phẩm có khả năng khử mùi cực kỳ hiệu quả, lưu giữ hương thơm dài lâu.
  3. Giảm 99,9% bụi, TUYỆT ĐỐI AN TOÀN cho người và thú cưng.
Sản phẩm với công nghệ khử bụi hiệu quả, quá trình tiệt trùng bằng nhiệt độ cao, chắt lọc những thành phần đất sét sodium bentonite tinh khiết nhất, mang đến sự an toàn cho sức khỏe của bạn.
4. Nguồn gốc thiên nhiên, thân thiện với môi trường
+ Dung tích : 15L
+ Quy cách đóng gói : 3 túi/ tải
**Cát vệ sinh Happy Cat hương cà phê 15L
 có bán tại kunmiu.vn ( Kún Miu Pet shop & grooming )",https://bizweb.dktcdn.net/100/229/172/products/cat-3d-7-min.jpg?v=1532682673007
Khay Vệ Sinh Cho Mèo Hình Vịt Sz 46x36x11cm,120.000₫,"THÔNG TIN CHI TIẾT. 
 Sản phẩm  Khay vệ sinh cho mèo hình vịt sz 46x36x11cm
 Công dụng
 Dùng cho thú cưng đi vệ sinh
 Chất liệu 
 Nhựa cao cấp
 Màu sắc
 Màu xanh, vàng và hồng. 
MÔ TẢ SẢN PHẨM
Khay vệ sinh cho mèo hình vịt sz 46x36x11cm là dụng cụ vệ sinh ngộ nghĩnh vô cùng chắc chắn, bền đẹp được hàng nghìn khách hàng đánh giá cao.
Khay vệ sinh cho mèo hình vịt sz 46x36x11cm có cấu tạo 2 phần là khay vệ sinh và thành bao quanh. Khay được làm từ chất liệu nhựa cao cấp, dày dặn, cầm rất chắc tay, đảm bảo không nứt, không vỡ. Thành khay có thiết kế hình vịt đáng yêu, cùng với đó là những chiếc lỗ giúp lấy đi hết cát thừa khi thú cưng đi vệ sinh xong.
Khay vệ sinh cho mèo hình vịt sz 46x36x11cm có 3 màu sắc: Hồng, xanh và vàng để các bạn có thể lựa chọn.
 ",https://bizweb.dktcdn.net/100/229/172/products/khay-ve-sinh-cho-me-o-hi-nh-vi-t-sz-46x36x11cm-ho-ng.jpg?v=1692775763457
Bỉm Vệ Sinh Cho Chó Đực Pet Soft,9.000₫,"Bỉm Vệ Sinh Cho Chó Đực Pet Soft có độ thấm hút cao
- Bỉm Vệ Sinh Cho Chó Đực Pet Soft Khử mùi, kháng khuẩn khi cún đi vệ sinh
- Bỉm Pet soft có bề mặt được làm bằng nguyên liệu tự nhiên, có thể phân hủy, không gây hại khi thải ra môi trường
-Nên sử dụng cho cún từ lúc nhỏ.
- Bỉm Vệ Sinh Cho Chó Đực Pet Soft có 1 Gói 12 chiếc
 **Có 3 kích cỡ : XS,S,M như hình.",https://bizweb.dktcdn.net/100/229/172/products/bim-cho-duc-pet-soft-xs-min.jpg?v=1551120231383
Nhà Vệ Sinh Cho Mèo Bầu Dục 2 Cửa,430.000₫,"THÔNG TIN CHI TIẾT
 Sản phẩm  Nhà vệ sinh cho mèo bầu dục 2 cửa
 Chất liệu  Nhựa cao cấp, bền đẹp
 Cấu tạo  - Khay tháo rời
 - Cửa nhà vệ sinh
 - Xẻng cùng màu
 Tính năng
 Thoáng khí, giúp giảm mùi hôi
 Giải quyết vấn đề vương vãi cát vệ sinh cho mèo
 Màu sắc   Ghi trắng 
MÔ TẢ SẢN PHẨM
Nhà vệ sinh cho mèo bầu dục 2 cửa nổi tiếng với thiết kế đẹp đẽ, thông minh giúp mèo đi vệ sinh thoải mái mà không phải bận tâm về mùi khó chịu.
Nhà vệ sinh cho mèo bầu dục 2 cửa đặc biệt nổi trội với khả năng thoáng khí nhờ 2 chiếc cửa ở vị trí trước và bên cạnh. Không khí lưu thông sẽ làm giảm mùi hôi khó chịu mỗi khi chúng đi vệ sinh. Bên cạnh đó, mèo yêu có thể thoải mái lựa chọn lối đi cho mình nữa.
Có nhà vệ sinh cho mèo bầu dục 2 cửa bạn sẽ không còn phải lo việc vãi cát vệ sinh hay vấn đề về mùi.
Nhà vệ sinh cho mèo bầu dục 2 cửa rất dễ dàng tháo rời và di chuyển theo cách bạn muốn với:
- Khay tháo trời
- Nắp hộp cùng quai cầm tiện dụng
- Cửa nhà vệ sinh
- Xẻng vệ sinh.
 ",https://bizweb.dktcdn.net/100/229/172/products/nvs-2-cua-upet-1709196026412.jpg?v=1709196028827
Tấm Lót Than Hoạt Tính PetLand CHARCOAL,3.000₫,"Tấm lót than hoạt tính PetLand CHARCOAL
Thấm hút - Kiểm soát mùi trên 96 tiếng. Công thức than hoạt tính..
TÍNH NĂNG Tấm lót than hoạt tính PetLand CHARCOAL:
- Hút mạnh và nhanh, biến nước tiểu thành gel, trong 2.5 giây. Giữ khô sạch luôn.
- Thấm hút và giữ nước bên trong với dung tích 350ml.
- Kiểm soát mùi trên 96 tiếng nhờ động tác kép của than hoạt tính và bột tre.
- Thích hợp cho việc huấn luyện cún đi vệ sinh và hỗ trợ đi vệ sinh cho chó già. 
- Miếng lót có keo dán ở mặt dưới, giúp việc cố định miếng lót xuống khay đi vệ sinh chắc chắn, không bay, không lật. 
HƯỚNG DẪN SỬ DỤNG Tấm lót than hoạt tính PetLand CHARCOAL: 
1. Gỡ keo ở bề mặt dưới miếng lót và dán lên khay vệ sinh. 
2. Hướng dẫn cún đi vào khay. 
3. Tập lại cho cún đi đúng vào khay. 
4. Khen cún khi cún đi vệ sinh đúng chỗ. 

DÙNG TRONG CÁC TRƯỜNG HỢP: CÚN ĐI VỆ SINH, LÓT Ổ ĐẺ, LÓT PHẪU THUẬT, LÓT CHUỒNG, LỒNG, TÚI XÁCH ĐI CHƠI.
QUY CÁCH: Size to 50 pcs : 45x60 cm.   Size nhỏ 100 pcs : 33x45 cm.  ",https://bizweb.dktcdn.net/100/229/172/products/tam-lot-petland-45x60cm-min-1.jpg?v=1540426556917
Cát Vệ Sinh Kún Miu Hương Cà Phê 5L,55.000₫ 60.000₫,"Cát vệ sinh Kún Miu hương cà phê 5L được sản xuất hoàn toàn từ 100% đất sodium bentonite.
chất lượng cao theo quy trình hiện đại, với các tính năng vượt trội sau:
    - Kết dính nhanh, độ vón tốt, dễ dàng xúc bỏ.
    - Khử mùi hiệu quả, chống ẩm, mùi hương dễ chịu.
    - Giảm 99,9% bụi, an toàn sử dụng với người và thú cưng.
    - Sản phẩm sạch có nguồn gốc thiên nhiên, thân thiện với môi trường.
Ưu điểm của Cát vệ sinh Kún Miu hương cà phê 5L so với những sản phẩm cát vệ sinh thông thường khác:
    1. Siêu thấm hút, sử dụng tiết kiệm
Được cấu tạo từ 100% nguyên liệu đất sét sodium bentonite và bằng việc sử dụng công nghệ hiện đại, các hạt cát vệ sinh có hình dạng tròn nhờ đó mà cát kết dính cực nhanh với chất thải của mèo, thẩm thấu tốt, sử dụng tiết kiệm hơn rất nhiều so với những sản phẩm thông thường khác.
    2. Ít bụi, thân thiện với môi trường
Sử dụng công nghệ tiên tiến trên thế giới về khử bụi và quá trình tiệt trùng bằng nhiệt độ cao để chắt lọc thành phần đất sét sodium bentonite tinh khiết nhất cho sản phẩm.
    3. Hương thơm tự nhiên, khử mùi hiệu quả
Cát vệ sinh Kún Miu hương cà phê 5L áp dụng công nghệ hiện đại giúp hạt cát có hương cà phê với hương thơm dễ chịu, không gây kích ứng cho người và vật nuôi, đặc biệt có khả năng khử mùi cực kì hiệu quả và lưu giữ hương thơm được dài lâu.
+ Dung tích : 5L
+ Quy cách đóng gói : 6 túi/ tải

 ",https://bizweb.dktcdn.net/100/229/172/products/cat-3d-5-min.jpg?v=1532682642527
Khay Vệ Sinh Cho Mèo Thành Cao 0053,170.000₫,"Sản phẩm Khay vệ sinh cho mèo 0053 có kèm Xẻng xúc phân là sản phẩm dùng để đựng cát vệ sinh cho mèo, giúp mèo đi vệ sinh đúng chỗ..
Sản phẩm được làm từ chất liệu nhựa PP không độc hại, an toàn cho người và vật nuôi.
Khay vệ sinh 0053 hình dáng chữ nhật bo cong 4 góc, thành cao rất hiện đại, có 3 màu sắc là hồng, xanh lá và xanh dương.
Kích cỡ Sản phẩm : 48.5*40*19cm
Công dụng của sản phẩm:
- Giúp thú cưng đi vệ sinh được dễ dàng hơn.
- Xẻng đi kèm giúp bạn dễ dàng dọn dẹp, lau chùi và vệ sinh hơn; không bị vấy bẩn ra khắp nhà.
- Phần nắp cong vào bên trong giúp cho cát vệ sinh không bị bắn tung tóe khi thú cưng đi vệ sinh.
- Bạn có thể đổ cát vệ sinh hoặc tấm lót hút khử mùi bên dưới khay để loại bỏ mùi hôi của phân và nước tiểu.
- Sản phẩm Khay vệ sinh cho mèo 0053 rất tiện lợi cho những gia đình ở thành phố không có nhiều không gian.",https://bizweb.dktcdn.net/100/229/172/products/khay-ve-sinh-cho-meo-0053-2.jpg?v=1570024487680
Cát Vệ Sinh Happy Cat 15L Siêu Khử Mùi Và Kháng Khuẩn,110.000₫ 120.000₫,"THÔNG TIN CHI TIẾT
 Thương hiệu  Happy Cat
 Thành phần  100% từ đất sodium bentonite 
 Tính năng  Khử mùi và kháng khuẩn gấp 2 lần, hạn chế bụi tối đa
 Mùi hương  Chanh và Cà phê
 HDSD  Dùng để kết dính, vón chất thải của mèo 
 Trọng lượng  7,6kg
 Thể tích
 15L
 Quy cách   1 túi 15L và 1 tải (gồm 3 túi)
MÔ TẢ SẢN PHẨM
Cát vệ sinh Happy Cat 15L siêu khử mùi và kháng khuẩn (Vàng) cho mèo là sản phẩm được sản xuất 100% từ đất sodium bentonite theo quy trình hiện đại, được cải tiến giúp khử mùi và kháng khuẩn gấp 2 lần. Đây là dòng sản phẩm có khả năng hạn chế bụi tối đa. Bên cạnh đó còn các tính năng vượt trội:
  1. Siêu thấm hút, kết dính nhanh, độ vón tốt, xúc bỏ dễ dàng
Cát vệ sinh Happy Cat 15L siêu khử mùi và kháng khuẩn (Vàng) được cấu tạo từ 100% nguyên liệu đất sét sodium bentonite theo quy trình công nghệ hiện đại, các hạt cát vệ sinh có hình dạng tròn, nhờ đó cát kết dính cực nhanh với chất thải của mèo, thẩm thấu tốt, sử dụng TIẾT KIỆM hơn rất nhiều so với những sản phẩm thông thường khác.
  2. Chống ẩm tối đa, khử mùi hiệu quả, hương thơm lan tỏa dễ chịu.
Áp dụng công nghệ hiện đại giúp hạt cát có 2 mùi: chanh và cà phê thơm dễ chịu, không gây kích ứng cho người và vật nuôi. Đặc biệt, sản phẩm có khả năng khử mùi cực kỳ hiệu quả, lưu giữ hương thơm dài lâu.
  3. Giảm 99,9% bụi, TUYỆT ĐỐI AN TOÀN cho người và thú cưng.
Sản phẩm với công nghệ khử bụi hiệu quả, quá trình tiệt trùng bằng nhiệt độ cao, chắt lọc những thành phần đất sét sodium bentonite tinh khiết nhất, mang đến sự an toàn cho sức khỏe của bạn.
  4. Cát vệ sinh Happy Cat 15L siêu khử mùi và kháng khuẩn (Vàng) thân thiện với môi trường, không gây độc hại.
+ Thể tích : 15L
+ Trọng lượng 7,6kg
+ Quy cách đóng gói : 3 túi/ tải.
Cát vệ sinh Happy Cat 15L siêu khử mùi và kháng khuẩn (Vàng)
  Cát vệ sinh Happy Cat 15L siêu khử mùi và kháng khuẩn (Vàng) 1 tải
  Tính năng của Cát vệ sinh Happy Cat 15L siêu khử mùi và kháng khuẩn (Vàng)
 ",https://bizweb.dktcdn.net/100/229/172/products/ca-t-15l-va-ng.jpg?v=1620895963367
"Xẻng Hót Phân Đặc, Không Lỗ (PK)",20.000₫,"Xẻng hót phân cho mèo
Thông số kỹ thuật.
-Trọng lượng nhẹ...
-Thuận tiện..
Vứt bỏ chất thải đúng cách.
Dễ dàng sử dụng bằng một tay.
Đáp ứng nhu cầu của bạn vật nuôi.
Mô tả:
Vứt bỏ chất thải đúng với điều này dễ sử dụng
 Trọng lượng nhẹ và thuận tiện.
 Thử nghiệm cho độ bền, chức năng, an toàn và đảm bảo với bạn rằng sản phẩm đáp ứng nhu cầu của con vật cưng của bạn.
- Sản phẩm được bán tại Kún Miu pet shop",https://bizweb.dktcdn.net/100/229/172/products/xeng-hot-phan-dac-1-049ca7e4-2c00-4603-8cc1-c211c89c0f31.jpg?v=1503649864053
